{
  "metadata": {
    "created_at": "2025-10-26T21:39:52",
    "colors_count": 6,
    "version": "1.0"
  },
  "color_data": {
    "red": [
      243.80625,
      58.19109375,
      52.715625,
      40.0
    ],
    "orange": [
      254.8196875,
      166.9996875,
      101.46078125,
      40.0
    ],
    "yellow": [
      253.60765625,
      253.608125,
      156.86859375,
      40.0
    ],
    "green": [
      40.61875,
      192.1884375,
      134.71203125,
      40.0
    ],
    "blue": [
      0.00578125,
      41.439375,
      154.5075,
      40.0
    ],
    "white": [
      227.29078125,
      229.72171875,
      248.1746875,
      40.0
    ]
  }
}