{
  "metadata": {
    "created_at": "2026-01-23T19:39:13",
    "colors_count": 6,
    "version": "1.0"
  },
  "color_data": {
    "red": [
      228.191875,
      0.27734375,
      19.1746875,
      50.0
    ],
    "orange": [
      254.0209375,
      101.31296875,
      18.16171875,
      50.0
    ],
    "yellow": [
      231.62046875,
      230.2475,
      78.39109375,
      50.0
    ],
    "green": [
      0.51375,
      170.13484375,
      70.8171875,
      50.0
    ],
    "blue": [
      0.48375,
      147.78375,
      228.04359375,
      50.0
    ],
    "white": [
      203.62703125,
      198.71421875,
      213.96953125,
      50.0
    ]
  }
}